,Unnamed: 0.1,Unnamed: 0,Total Quality,PDF,Prompt,LLM,Service,ID,Response Time,Valid,Subject.Existence,Subject.name.Existence,Subject.name.Usage,Subject.name.Presence_Mean,Subject.name.Presence_StdDev,Subject.description.Existence,Subject.description.Usage,Subject.description.Presence_Mean,Subject.description.Presence_StdDev,Subject.code.Existence,Subject.code.Usage,Subject.code.Presence_Mean,Subject.code.Presence_StdDev,Subject.course.Existence,Subject.course.Usage,Subject.course.Presence_Mean,Subject.course.Presence_StdDev,Subject.courseYear.Existence,Subject.courseYear.Usage,Subject.courseYear.Presence_Mean,Subject.courseYear.Presence_StdDev,Subject.credits.Existence,Subject.credits.Usage,Subject.credits.Presence_Mean,Subject.credits.Presence_StdDev,Subject.language.Existence,Subject.language.Usage,Subject.language.Presence_Mean,Subject.language.Presence_StdDev,Subject.semester.Existence,Subject.semester.Usage,Subject.semester.Presence_Mean,Subject.semester.Presence_StdDev,Subject.period.Existence,Subject.period.Usage,Subject.period.Presence_Mean,Subject.period.Presence_StdDev,Subject.evaluationCriteria.Existence,Subject.evaluationCriteria.Usage,Subject.evaluationCriteria.Presence_Mean,Subject.evaluationCriteria.Presence_StdDev,Subject.character.Existence,Subject.character.Usage,Subject.character.Presence_Mean,Subject.character.Presence_StdDev,Subject.studyPlan.Existence,Subject.studyPlan.Usage,Subject.studyPlan.Presence_Mean,Subject.studyPlan.Presence_StdDev,Subject.professors.Existence,Subject.professors.Usage,Subject.professors.Presence_Mean,Subject.professors.Presence_StdDev,Subject.resources.Existence,Subject.resources.Usage,Subject.resources.Presence_Mean,Subject.resources.Presence_StdDev,Subject.competencies.Existence,Subject.competencies.Usage,Subject.competencies.Presence_Mean,Subject.competencies.Presence_StdDev,Subject.outcomes.Existence,Subject.outcomes.Usage,Subject.outcomes.Presence_Mean,Subject.outcomes.Presence_StdDev,Subject.recommendedPreviousSubjects.Existence,Subject.recommendedPreviousSubjects.Usage,Subject.recommendedPreviousSubjects.Presence_Mean,Subject.recommendedPreviousSubjects.Presence_StdDev,Subject.recommendedPreviousKnowledges.Existence,Subject.recommendedPreviousKnowledges.Usage,Subject.recommendedPreviousKnowledges.Presence_Mean,Subject.recommendedPreviousKnowledges.Presence_StdDev,Subject.topics.Existence,Subject.topics.Usage,Subject.topics.Presence_Mean,Subject.topics.Presence_StdDev,Subject.evaluations.Existence,Subject.evaluations.Usage,Subject.evaluations.Presence_Mean,Subject.evaluations.Presence_StdDev,Character.Existence,MandatoryCharacter.Existence,MandatoryCharacter.inheritsCharacter.Existence,OptionalCharacter.Existence,OptionalCharacter.inheritsCharacter.Existence,StudyPlan.Existence,StudyPlan.code.Existence,StudyPlan.code.Usage,StudyPlan.code.Presence_Mean,StudyPlan.code.Presence_StdDev,StudyPlan.name.Existence,StudyPlan.name.Usage,StudyPlan.name.Presence_Mean,StudyPlan.name.Presence_StdDev,StudyPlan.school.Existence,StudyPlan.school.Usage,StudyPlan.school.Presence_Mean,StudyPlan.school.Presence_StdDev,School.Existence,School.code.Existence,School.code.Usage,School.code.Presence_Mean,School.code.Presence_StdDev,School.name.Existence,School.name.Usage,School.name.Presence_Mean,School.name.Presence_StdDev,School.university.Existence,School.university.Usage,School.university.Presence_Mean,School.university.Presence_StdDev,University.Existence,University.name.Existence,University.name.Usage,University.name.Presence_Mean,University.name.Presence_StdDev,Professor.Existence,Professor.email.Existence,Professor.email.Usage,Professor.email.Presence_Mean,Professor.email.Presence_StdDev,Professor.name.Existence,Professor.name.Usage,Professor.name.Presence_Mean,Professor.name.Presence_StdDev,Professor.office.Existence,Professor.office.Usage,Professor.office.Presence_Mean,Professor.office.Presence_StdDev,Professor.hours.Existence,Professor.hours.Usage,Professor.hours.Presence_Mean,Professor.hours.Presence_StdDev,Professor.isCoordinator.Existence,Professor.isCoordinator.Usage,Professor.isCoordinator.Presence_Mean,Professor.isCoordinator.Presence_StdDev,Competence.Existence,Competence.code.Existence,Competence.code.Usage,Competence.code.Presence_Mean,Competence.code.Presence_StdDev,Competence.description.Existence,Competence.description.Usage,Competence.description.Presence_Mean,Competence.description.Presence_StdDev,Outcome.Existence,Outcome.code.Existence,Outcome.code.Usage,Outcome.code.Presence_Mean,Outcome.code.Presence_StdDev,Outcome.description.Existence,Outcome.description.Usage,Outcome.description.Presence_Mean,Outcome.description.Presence_StdDev,Evaluation.Existence,Evaluation.name.Existence,Evaluation.name.Usage,Evaluation.name.Presence_Mean,Evaluation.name.Presence_StdDev,Evaluation.activities.Existence,Evaluation.activities.Usage,Evaluation.activities.Presence_Mean,Evaluation.activities.Presence_StdDev,Activity.Existence,Activity.name.Existence,Activity.name.Usage,Activity.name.Presence_Mean,Activity.name.Presence_StdDev,Activity.modality.Existence,Activity.modality.Usage,Activity.modality.Presence_Mean,Activity.modality.Presence_StdDev,Activity.weight.Existence,Activity.weight.Usage,Activity.weight.Presence_Mean,Activity.weight.Presence_StdDev,Activity.duration.Existence,Activity.duration.Usage,Activity.duration.Presence_Mean,Activity.duration.Presence_StdDev,Activity.minGrade.Existence,Activity.minGrade.Usage,Activity.minGrade.Presence_Mean,Activity.minGrade.Presence_StdDev,Activity.relatedOutcomes.Existence,Activity.relatedOutcomes.Usage,Activity.relatedOutcomes.Presence_Mean,Activity.relatedOutcomes.Presence_StdDev,Activity.relatedCompetencies.Existence,Activity.relatedCompetencies.Usage,Activity.relatedCompetencies.Presence_Mean,Activity.relatedCompetencies.Presence_StdDev,Activity.relatedTopics.Existence,Activity.relatedTopics.Usage,Activity.relatedTopics.Presence_Mean,Activity.relatedTopics.Presence_StdDev,Topic.Existence,Topic.name.Existence,Topic.name.Usage,Topic.name.Presence_Mean,Topic.name.Presence_StdDev,Topic.subTopics.Existence,Topic.subTopics.Usage,Topic.subTopics.Presence_Mean,Topic.subTopics.Presence_StdDev,Resource.Existence,Resource.name.Existence,Resource.name.Usage,Resource.name.Presence_Mean,Resource.name.Presence_StdDev,RecommendedPreviousSubject.Existence,RecommendedPreviousSubject.description.Existence,RecommendedPreviousSubject.description.Usage,RecommendedPreviousSubject.description.Presence_Mean,RecommendedPreviousSubject.description.Presence_StdDev,RecommendedPreviousKnowledge.Existence,RecommendedPreviousKnowledge.description.Existence,RecommendedPreviousKnowledge.description.Usage,RecommendedPreviousKnowledge.description.Presence_Mean,RecommendedPreviousKnowledge.description.Presence_StdDev
0,0.0,0.0,0,subject-guide_upm-cs,ppt-1,google/gemini-2.0-flash-thinking-exp:free,openrouter,0,91,True,Success,Success,1.0,1.0,0.0,Success,1.0,1.0,0.0,Success,1.0,1.0,0.0,Success,1.0,1.0,0.0,Success,1.0,1.0,0.0,Success,1.0,1.0,0.0,Success,1.0,1.0,0.0,Success,1.0,1.0,0.0,Success,1.0,1.0,0.0,Success,0.0,0.0,0.0,Success,1.0,1.0,0.0,Success,1.0,1.0,0.0,Success,1.0,3.0,0.0,Success,1.0,8.0,0.0,Success,1.0,4.0,0.0,Success,1.0,4.0,0.0,Success,1.0,1.0,0.0,Success,1.0,1.0,0.0,Success,1.0,8.0,0.0,Success,1.0,3.0,0.0,Success,Success,Success,Success,Success,Success,Success,1.0,1.0,0.0,Success,1.0,1.0,0.0,Success,1.0,1.0,0.0,Success,Success,1.0,1.0,0.0,Success,1.0,1.0,0.0,Success,1.0,1.0,0.0,Success,Success,1.0,1.0,0.0,Success,Success,1.0,1.0,0.0,Success,1.0,1.0,0.0,Success,0.3333333333333333,0.3333333333333333,0.4714045207910317,Success,1.0,1.0,0.0,Success,0.3333333333333333,0.3333333333333333,0.4714045207910317,Success,Success,1.0,1.0,0.0,Success,1.0,1.0,0.0,Success,Success,1.0,1.0,0.0,Success,1.0,1.0,0.0,Success,Success,1.0,1.0,0.0,Success,1.0,6.333333333333333,4.714045207910317,Success,Success,1.0,1.0,0.0,Success,1.0,1.0,0.0,Success,1.0,1.0,0.0,Success,1.0,1.0,0.0,Success,1.0,1.0,0.0,Success,0.2105263157894736,0.3684210526315789,0.929659038560826,Success,0.5263157894736842,1.3157894736842106,1.4886458551295738,Success,0.0,0.0,0.0,Success,Success,1.0,1.0,0.0,Success,0.3076923076923077,0.6923076923076923,1.065877420042386,Success,Success,1.0,1.0,0.0,Success,Success,1.0,1.0,0.0,Success,Success,1.0,1.0,0.0
1,1.0,1.0,0,subject-guide_upm-cs,ppt-1,google/gemini-2.0-flash-thinking-exp:free,openrouter,1,74,False,,,,,,,,,,,,,,,,,,,,,,,,,,,,,,,,,,,,,,,,,,,,,,,,,,,,,,,,,,,,,,,,,,,,,,,,,,,,,,,,,,,,,,,,,,,,,,,,,,,,,,,,,,,,,,,,,,,,,,,,,,,,,,,,,,,,,,,,,,,,,,,,,,,,,,,,,,,,,,,,,,,,,,,,,,,,,,,,,,,,,,,,,,,,,,,,,,,,,,,,,,,,,,,,,,,,,,,,,,,,,,
2,2.0,2.0,0,subject-guide_upm-cs,ppt-1,google/gemini-2.0-flash-thinking-exp:free,openrouter,2,170,False,,,,,,,,,,,,,,,,,,,,,,,,,,,,,,,,,,,,,,,,,,,,,,,,,,,,,,,,,,,,,,,,,,,,,,,,,,,,,,,,,,,,,,,,,,,,,,,,,,,,,,,,,,,,,,,,,,,,,,,,,,,,,,,,,,,,,,,,,,,,,,,,,,,,,,,,,,,,,,,,,,,,,,,,,,,,,,,,,,,,,,,,,,,,,,,,,,,,,,,,,,,,,,,,,,,,,,,,,,,,,,
3,3.0,3.0,0,subject-guide_upm-cs,ppt-1,google/gemini-2.0-flash-thinking-exp:free,openrouter,3,87,True,Success,Success,1.0,1.0,0.0,Success,1.0,1.0,0.0,Success,1.0,1.0,0.0,Success,1.0,1.0,0.0,Success,1.0,1.0,0.0,Success,1.0,1.0,0.0,Success,1.0,1.0,0.0,Success,1.0,1.0,0.0,Success,1.0,1.0,0.0,Success,0.0,0.0,0.0,Success,1.0,1.0,0.0,Success,1.0,1.0,0.0,Success,1.0,3.0,0.0,Success,1.0,8.0,0.0,Success,1.0,4.0,0.0,Success,1.0,4.0,0.0,Success,1.0,1.0,0.0,Success,0.0,0.0,0.0,Success,1.0,1.0,0.0,Success,1.0,3.0,0.0,Success,Success,Success,Success,Success,Success,Success,1.0,1.0,0.0,Success,1.0,1.0,0.0,Success,1.0,1.0,0.0,Success,Success,1.0,1.0,0.0,Success,1.0,1.0,0.0,Success,1.0,1.0,0.0,Success,Success,1.0,1.0,0.0,Success,Success,1.0,1.0,0.0,Success,1.0,1.0,0.0,Success,0.3333333333333333,0.3333333333333333,0.4714045207910317,Success,0.0,0.0,0.0,Success,0.3333333333333333,0.3333333333333333,0.4714045207910317,Success,Success,1.0,1.0,0.0,Success,1.0,1.0,0.0,Success,Success,1.0,1.0,0.0,Success,1.0,1.0,0.0,Success,Success,1.0,1.0,0.0,Success,1.0,6.333333333333333,4.714045207910317,Success,Success,1.0,1.0,0.0,Success,1.0,1.0,0.0,Success,1.0,1.0,0.0,Success,1.0,1.0,0.0,Success,1.0,1.0,0.0,Success,0.1578947368421052,0.3157894736842105,0.9206766149755736,Success,0.5263157894736842,1.3157894736842106,1.4886458551295738,Success,0.0,0.0,0.0,Success,Success,1.0,1.0,0.0,Success,0.3333333333333333,0.9629629629629628,1.7316547744534756,Success,Success,1.0,1.0,0.0,Success,Success,1.0,1.0,0.0,Success,Success,1.0,1.0,0.0
4,4.0,4.0,0,subject-guide_upm-cs,ppt-1,google/gemini-2.0-flash-thinking-exp:free,openrouter,4,90,True,Success,Success,1.0,1.0,0.0,Success,1.0,1.0,0.0,Success,1.0,1.0,0.0,Success,1.0,1.0,0.0,Success,1.0,1.0,0.0,Success,1.0,1.0,0.0,Success,1.0,1.0,0.0,Success,1.0,1.0,0.0,Success,1.0,1.0,0.0,Success,0.0,0.0,0.0,Success,1.0,1.0,0.0,Success,1.0,1.0,0.0,Success,1.0,3.0,0.0,Success,1.0,8.0,0.0,Success,1.0,4.0,0.0,Success,1.0,4.0,0.0,Success,1.0,1.0,0.0,Success,0.0,0.0,0.0,Success,1.0,8.0,0.0,Success,1.0,3.0,0.0,Success,Success,Success,Success,Success,Success,Success,1.0,1.0,0.0,Success,1.0,1.0,0.0,Success,0.0,0.0,0.0,Success,Success,1.0,1.0,0.0,Success,1.0,1.0,0.0,Success,0.0,0.0,0.0,Success,Success,1.0,1.0,0.0,Success,Success,1.0,1.0,0.0,Success,1.0,1.0,0.0,Success,0.3333333333333333,0.3333333333333333,0.4714045207910317,Success,1.0,1.0,0.0,Success,0.3333333333333333,0.3333333333333333,0.4714045207910317,Success,Success,1.0,1.0,0.0,Success,1.0,1.0,0.0,Success,Success,1.0,1.0,0.0,Success,1.0,1.0,0.0,Success,Success,1.0,1.0,0.0,Success,1.0,6.333333333333333,4.714045207910317,Success,Success,1.0,1.0,0.0,Success,1.0,1.0,0.0,Success,1.0,1.0,0.0,Success,1.0,1.0,0.0,Success,1.0,1.0,0.0,Success,0.1578947368421052,0.3157894736842105,0.9206766149755736,Success,0.5263157894736842,1.3157894736842106,1.4886458551295738,Success,0.0,0.0,0.0,Success,Success,1.0,1.0,0.0,Success,0.3076923076923077,0.6923076923076923,1.065877420042386,Success,Success,1.0,1.0,0.0,Success,Success,1.0,1.0,0.0,Success,Success,0.0,0.0,0.0
5,5.0,5.0,0,subject-guide_upm-cs,ppt-1,google/gemini-2.0-flash-thinking-exp:free,openrouter,5,86,True,Success,Success,1.0,1.0,0.0,Success,1.0,1.0,0.0,Success,1.0,1.0,0.0,Success,1.0,1.0,0.0,Success,1.0,1.0,0.0,Success,1.0,1.0,0.0,Success,1.0,1.0,0.0,Success,1.0,1.0,0.0,Success,1.0,1.0,0.0,Success,0.0,0.0,0.0,Success,1.0,1.0,0.0,Success,1.0,1.0,0.0,Success,1.0,3.0,0.0,Success,1.0,8.0,0.0,Success,1.0,4.0,0.0,Success,1.0,4.0,0.0,Success,1.0,1.0,0.0,Success,0.0,0.0,0.0,Success,1.0,8.0,0.0,Success,1.0,3.0,0.0,Success,Success,Success,Success,Success,Success,Success,1.0,1.0,0.0,Success,1.0,1.0,0.0,Success,1.0,1.0,0.0,Success,Success,1.0,1.0,0.0,Success,1.0,1.0,0.0,Success,1.0,1.0,0.0,Success,Success,1.0,1.0,0.0,Success,Success,1.0,1.0,0.0,Success,1.0,1.0,0.0,Success,0.3333333333333333,0.3333333333333333,0.4714045207910317,Success,0.0,0.0,0.0,Success,0.3333333333333333,0.3333333333333333,0.4714045207910317,Success,Success,1.0,1.0,0.0,Success,1.0,1.0,0.0,Success,Success,1.0,1.0,0.0,Success,1.0,1.0,0.0,Success,Success,1.0,1.0,0.0,Success,1.0,6.333333333333333,4.714045207910317,Success,Success,1.0,1.0,0.0,Success,1.0,1.0,0.0,Success,1.0,1.0,0.0,Success,1.0,1.0,0.0,Success,0.3684210526315789,0.3684210526315789,0.4823763889427199,Success,0.0526315789473684,0.2105263157894736,0.8931875130777442,Success,0.5263157894736842,1.3157894736842106,1.4886458551295738,Success,0.0,0.0,0.0,Success,Success,1.0,1.0,0.0,Success,0.3076923076923077,0.6923076923076923,1.065877420042386,Success,Success,1.0,1.0,0.0,Success,Success,1.0,1.0,0.0,Success,Success,1.0,1.0,0.0
6,6.0,6.0,0,subject-guide_upm-cs,ppt-1,google/gemini-2.0-flash-thinking-exp:free,openrouter,6,86,True,Success,Success,1.0,1.0,0.0,Success,0.0,0.0,0.0,Success,1.0,1.0,0.0,Success,1.0,1.0,0.0,Success,1.0,1.0,0.0,Success,1.0,1.0,0.0,Success,1.0,1.0,0.0,Success,1.0,1.0,0.0,Success,1.0,1.0,0.0,Success,0.0,0.0,0.0,Success,1.0,1.0,0.0,Success,1.0,1.0,0.0,Success,1.0,3.0,0.0,Success,1.0,8.0,0.0,Success,1.0,4.0,0.0,Success,1.0,4.0,0.0,Success,1.0,1.0,0.0,Success,1.0,1.0,0.0,Success,1.0,8.0,0.0,Success,1.0,3.0,0.0,Success,Success,Fail,Success,Fail,Success,Success,1.0,1.0,0.0,Success,1.0,1.0,0.0,Success,1.0,1.0,0.0,Success,Success,1.0,1.0,0.0,Success,1.0,1.0,0.0,Success,1.0,1.0,0.0,Success,Success,1.0,1.0,0.0,Success,Success,1.0,1.0,0.0,Success,1.0,1.0,0.0,Success,0.3333333333333333,0.3333333333333333,0.4714045207910317,Success,1.0,1.0,0.0,Success,1.0,1.0,0.0,Success,Success,1.0,1.0,0.0,Success,1.0,1.0,0.0,Success,Success,1.0,1.0,0.0,Success,1.0,1.0,0.0,Success,Success,1.0,1.0,0.0,Success,1.0,6.333333333333333,4.714045207910317,Success,Success,1.0,1.0,0.0,Success,1.0,1.0,0.0,Success,1.0,1.0,0.0,Success,1.0,1.0,0.0,Success,0.3684210526315789,0.3684210526315789,0.4823763889427199,Success,0.1578947368421052,0.3157894736842105,0.9206766149755736,Success,0.5263157894736842,1.3157894736842106,1.4886458551295738,Success,0.0,0.0,0.0,Success,Success,1.0,1.0,0.0,Success,0.3076923076923077,0.6923076923076923,1.065877420042386,Success,Success,1.0,1.0,0.0,Success,Success,1.0,1.0,0.0,Success,Success,1.0,1.0,0.0
7,7.0,7.0,0,subject-guide_upm-cs,ppt-1,google/gemini-2.0-flash-thinking-exp:free,openrouter,7,93,False,,,,,,,,,,,,,,,,,,,,,,,,,,,,,,,,,,,,,,,,,,,,,,,,,,,,,,,,,,,,,,,,,,,,,,,,,,,,,,,,,,,,,,,,,,,,,,,,,,,,,,,,,,,,,,,,,,,,,,,,,,,,,,,,,,,,,,,,,,,,,,,,,,,,,,,,,,,,,,,,,,,,,,,,,,,,,,,,,,,,,,,,,,,,,,,,,,,,,,,,,,,,,,,,,,,,,,,,,,,,,,
8,8.0,8.0,0,subject-guide_upm-cs,ppt-1,google/gemini-2.0-flash-thinking-exp:free,openrouter,8,90,False,,,,,,,,,,,,,,,,,,,,,,,,,,,,,,,,,,,,,,,,,,,,,,,,,,,,,,,,,,,,,,,,,,,,,,,,,,,,,,,,,,,,,,,,,,,,,,,,,,,,,,,,,,,,,,,,,,,,,,,,,,,,,,,,,,,,,,,,,,,,,,,,,,,,,,,,,,,,,,,,,,,,,,,,,,,,,,,,,,,,,,,,,,,,,,,,,,,,,,,,,,,,,,,,,,,,,,,,,,,,,,
9,9.0,9.0,0,subject-guide_upm-cs,ppt-1,google/gemini-2.0-flash-thinking-exp:free,openrouter,9,81,False,,,,,,,,,,,,,,,,,,,,,,,,,,,,,,,,,,,,,,,,,,,,,,,,,,,,,,,,,,,,,,,,,,,,,,,,,,,,,,,,,,,,,,,,,,,,,,,,,,,,,,,,,,,,,,,,,,,,,,,,,,,,,,,,,,,,,,,,,,,,,,,,,,,,,,,,,,,,,,,,,,,,,,,,,,,,,,,,,,,,,,,,,,,,,,,,,,,,,,,,,,,,,,,,,,,,,,,,,,,,,,
10,0.0,,0,upm-cs,ppt-1,google/gemini-2.0-flash-thinking-exp:free,openrouter,10,101,False,,,,,,,,,,,,,,,,,,,,,,,,,,,,,,,,,,,,,,,,,,,,,,,,,,,,,,,,,,,,,,,,,,,,,,,,,,,,,,,,,,,,,,,,,,,,,,,,,,,,,,,,,,,,,,,,,,,,,,,,,,,,,,,,,,,,,,,,,,,,,,,,,,,,,,,,,,,,,,,,,,,,,,,,,,,,,,,,,,,,,,,,,,,,,,,,,,,,,,,,,,,,,,,,,,,,,,,,,,,,,,
11,1.0,,0,upm-cs,ppt-1,google/gemini-2.0-flash-thinking-exp:free,openrouter,11,97,True,Success,Success,1.0,1.0,0.0,Success,1.0,1.0,0.0,Success,1.0,1.0,0.0,Success,1.0,1.0,0.0,Success,1.0,1.0,0.0,Success,1.0,1.0,0.0,Success,1.0,1.0,0.0,Success,1.0,1.0,0.0,Success,1.0,1.0,0.0,Success,0.0,0.0,0.0,Success,1.0,1.0,0.0,Success,1.0,1.0,0.0,Success,1.0,3.0,0.0,Success,1.0,8.0,0.0,Success,1.0,4.0,0.0,Success,1.0,4.0,0.0,Success,1.0,1.0,0.0,Success,0.0,0.0,0.0,Success,1.0,8.0,0.0,Success,1.0,3.0,0.0,Success,Success,Success,Success,Success,Success,Success,1.0,1.0,0.0,Success,1.0,1.0,0.0,Success,1.0,1.0,0.0,Success,Success,1.0,1.0,0.0,Success,1.0,1.0,0.0,Success,1.0,1.0,0.0,Success,Success,1.0,1.0,0.0,Success,Success,1.0,1.0,0.0,Success,1.0,1.0,0.0,Success,0.3333333333333333,0.3333333333333333,0.4714045207910317,Success,0.0,0.0,0.0,Success,0.3333333333333333,0.3333333333333333,0.4714045207910317,Success,Success,1.0,1.0,0.0,Success,1.0,1.0,0.0,Success,Success,1.0,1.0,0.0,Success,1.0,1.0,0.0,Success,Success,1.0,1.0,0.0,Success,1.0,6.333333333333333,4.714045207910317,Success,Success,1.0,1.0,0.0,Success,1.0,1.0,0.0,Success,1.0,1.0,0.0,Success,1.0,1.0,0.0,Success,1.0,1.0,0.0,Success,0.1578947368421052,0.3157894736842105,0.9206766149755736,Success,0.5263157894736842,1.3157894736842106,1.4886458551295738,Success,0.0,0.0,0.0,Success,Success,1.0,1.0,0.0,Success,0.3076923076923077,0.6923076923076923,1.065877420042386,Success,Success,1.0,1.0,0.0,Success,Success,1.0,1.0,0.0,Success,Success,1.0,1.0,0.0
12,2.0,,0,upm-cs,ppt-1,google/gemini-2.0-flash-thinking-exp:free,openrouter,12,91,False,,,,,,,,,,,,,,,,,,,,,,,,,,,,,,,,,,,,,,,,,,,,,,,,,,,,,,,,,,,,,,,,,,,,,,,,,,,,,,,,,,,,,,,,,,,,,,,,,,,,,,,,,,,,,,,,,,,,,,,,,,,,,,,,,,,,,,,,,,,,,,,,,,,,,,,,,,,,,,,,,,,,,,,,,,,,,,,,,,,,,,,,,,,,,,,,,,,,,,,,,,,,,,,,,,,,,,,,,,,,,,
13,3.0,,0,upm-cs,ppt-1,google/gemini-2.0-flash-thinking-exp:free,openrouter,13,97,False,,,,,,,,,,,,,,,,,,,,,,,,,,,,,,,,,,,,,,,,,,,,,,,,,,,,,,,,,,,,,,,,,,,,,,,,,,,,,,,,,,,,,,,,,,,,,,,,,,,,,,,,,,,,,,,,,,,,,,,,,,,,,,,,,,,,,,,,,,,,,,,,,,,,,,,,,,,,,,,,,,,,,,,,,,,,,,,,,,,,,,,,,,,,,,,,,,,,,,,,,,,,,,,,,,,,,,,,,,,,,,
14,4.0,,0,upm-cs,ppt-1,google/gemini-2.0-flash-thinking-exp:free,openrouter,14,100,False,,,,,,,,,,,,,,,,,,,,,,,,,,,,,,,,,,,,,,,,,,,,,,,,,,,,,,,,,,,,,,,,,,,,,,,,,,,,,,,,,,,,,,,,,,,,,,,,,,,,,,,,,,,,,,,,,,,,,,,,,,,,,,,,,,,,,,,,,,,,,,,,,,,,,,,,,,,,,,,,,,,,,,,,,,,,,,,,,,,,,,,,,,,,,,,,,,,,,,,,,,,,,,,,,,,,,,,,,,,,,,
15,5.0,,0,upm-cs,ppt-1,google/gemini-2.0-flash-thinking-exp:free,openrouter,15,109,True,Success,Success,1.0,1.0,0.0,Success,1.0,1.0,0.0,Success,1.0,1.0,0.0,Success,1.0,1.0,0.0,Success,1.0,1.0,0.0,Success,1.0,1.0,0.0,Success,1.0,1.0,0.0,Success,1.0,2.0,0.0,Success,1.0,1.0,0.0,Success,1.0,1.0,0.0,Success,1.0,1.0,0.0,Success,1.0,1.0,0.0,Success,1.0,3.0,0.0,Success,1.0,8.0,0.0,Success,1.0,4.0,0.0,Success,1.0,4.0,0.0,Success,1.0,1.0,0.0,Success,1.0,1.0,0.0,Success,0.0,0.0,0.0,Success,0.0,0.0,0.0,Success,Success,Success,Success,Success,Success,Success,1.0,1.0,0.0,Success,1.0,1.0,0.0,Success,1.0,1.0,0.0,Success,Success,1.0,1.0,0.0,Success,1.0,1.0,0.0,Success,1.0,1.0,0.0,Success,Success,1.0,1.0,0.0,Success,Success,1.0,1.0,0.0,Success,1.0,1.0,0.0,Success,0.3333333333333333,0.3333333333333333,0.4714045207910317,Success,1.0,1.0,0.0,Success,1.0,1.0,0.0,Success,Success,1.0,1.0,0.0,Success,1.0,1.0,0.0,Success,Success,1.0,1.0,0.0,Success,1.0,1.0,0.0,Success,Success,1.0,1.0,0.0,Success,1.0,6.333333333333333,4.714045207910317,Success,Success,1.0,1.0,0.0,Success,1.0,1.0,0.0,Success,1.0,1.0,0.0,Success,1.0,1.0,0.0,Success,1.0,1.0,0.0,Success,0.1578947368421052,0.3157894736842105,0.9206766149755736,Success,0.5263157894736842,1.3157894736842106,1.4886458551295738,Success,0.0526315789473684,0.2105263157894736,0.8931875130777442,Success,Success,1.0,1.0,0.0,Success,0.2352941176470588,0.5294117647058824,0.977249866225656,Success,Success,1.0,1.0,0.0,Success,Success,1.0,1.0,0.0,Success,Success,1.0,1.0,0.0
16,6.0,,0,upm-cs,ppt-1,google/gemini-2.0-flash-thinking-exp:free,openrouter,16,138,False,,,,,,,,,,,,,,,,,,,,,,,,,,,,,,,,,,,,,,,,,,,,,,,,,,,,,,,,,,,,,,,,,,,,,,,,,,,,,,,,,,,,,,,,,,,,,,,,,,,,,,,,,,,,,,,,,,,,,,,,,,,,,,,,,,,,,,,,,,,,,,,,,,,,,,,,,,,,,,,,,,,,,,,,,,,,,,,,,,,,,,,,,,,,,,,,,,,,,,,,,,,,,,,,,,,,,,,,,,,,,,
17,7.0,,0,upm-cs,ppt-1,google/gemini-2.0-flash-thinking-exp:free,openrouter,17,95,False,,,,,,,,,,,,,,,,,,,,,,,,,,,,,,,,,,,,,,,,,,,,,,,,,,,,,,,,,,,,,,,,,,,,,,,,,,,,,,,,,,,,,,,,,,,,,,,,,,,,,,,,,,,,,,,,,,,,,,,,,,,,,,,,,,,,,,,,,,,,,,,,,,,,,,,,,,,,,,,,,,,,,,,,,,,,,,,,,,,,,,,,,,,,,,,,,,,,,,,,,,,,,,,,,,,,,,,,,,,,,,
18,8.0,,0,upm-cs,ppt-1,google/gemini-2.0-flash-thinking-exp:free,openrouter,18,93,True,Success,Success,1.0,1.0,0.0,Success,1.0,1.0,0.0,Success,1.0,1.0,0.0,Success,1.0,1.0,0.0,Success,1.0,1.0,0.0,Success,1.0,1.0,0.0,Success,1.0,1.0,0.0,Success,1.0,1.0,0.0,Success,1.0,1.0,0.0,Success,1.0,1.0,0.0,Success,1.0,1.0,0.0,Success,1.0,1.0,0.0,Success,1.0,3.0,0.0,Success,1.0,8.0,0.0,Success,1.0,4.0,0.0,Success,1.0,4.0,0.0,Success,1.0,1.0,0.0,Success,1.0,1.0,0.0,Success,1.0,8.0,0.0,Success,1.0,3.0,0.0,Success,Success,Success,Success,Success,Success,Success,1.0,1.0,0.0,Success,1.0,1.0,0.0,Success,1.0,1.0,0.0,Success,Success,1.0,1.0,0.0,Success,1.0,1.0,0.0,Success,1.0,1.0,0.0,Success,Success,1.0,1.0,0.0,Success,Success,1.0,1.0,0.0,Success,1.0,1.0,0.0,Success,0.3333333333333333,0.3333333333333333,0.4714045207910317,Success,1.0,1.0,0.0,Success,1.0,1.0,0.0,Success,Success,1.0,1.0,0.0,Success,1.0,1.0,0.0,Success,Success,1.0,1.0,0.0,Success,1.0,1.0,0.0,Success,Success,1.0,1.0,0.0,Success,1.0,6.333333333333333,4.714045207910317,Success,Success,1.0,1.0,0.0,Success,1.0,1.0,0.0,Success,1.0,1.0,0.0,Success,1.0,1.0,0.0,Success,0.3684210526315789,0.3684210526315789,0.4823763889427199,Success,0.1578947368421052,0.3157894736842105,0.9206766149755736,Success,0.5263157894736842,1.3157894736842106,1.4886458551295738,Success,0.0,0.0,0.0,Success,Success,1.0,1.0,0.0,Success,0.3076923076923077,0.6923076923076923,1.065877420042386,Success,Success,1.0,1.0,0.0,Success,Success,1.0,1.0,0.0,Success,Success,1.0,1.0,0.0
19,9.0,,0,upm-cs,ppt-1,google/gemini-2.0-flash-thinking-exp:free,openrouter,19,127,False,,,,,,,,,,,,,,,,,,,,,,,,,,,,,,,,,,,,,,,,,,,,,,,,,,,,,,,,,,,,,,,,,,,,,,,,,,,,,,,,,,,,,,,,,,,,,,,,,,,,,,,,,,,,,,,,,,,,,,,,,,,,,,,,,,,,,,,,,,,,,,,,,,,,,,,,,,,,,,,,,,,,,,,,,,,,,,,,,,,,,,,,,,,,,,,,,,,,,,,,,,,,,,,,,,,,,,,,,,,,,,
0,,,0,upm-cs,ppt-1,gemini-2.0-flash-thinking-exp-1219,google,20,64,True,Success,Success,1.0,1.0,0.0,Success,0.0,0.0,0.0,Success,1.0,1.0,0.0,Success,1.0,1.0,0.0,Success,1.0,1.0,0.0,Success,1.0,1.0,0.0,Success,1.0,1.0,0.0,Success,1.0,1.0,0.0,Success,1.0,1.0,0.0,Success,0.0,0.0,0.0,Success,1.0,1.0,0.0,Success,1.0,1.0,0.0,Success,1.0,3.0,0.0,Success,1.0,8.0,0.0,Success,1.0,4.0,0.0,Success,1.0,4.0,0.0,Success,1.0,1.0,0.0,Success,1.0,1.0,0.0,Success,1.0,8.0,0.0,Success,1.0,3.0,0.0,Success,Success,Success,Success,Success,Success,Success,1.0,1.0,0.0,Success,1.0,1.0,0.0,Success,1.0,1.0,0.0,Success,Success,1.0,1.0,0.0,Success,1.0,1.0,0.0,Success,0.0,0.0,0.0,Success,Success,0.0,0.0,0.0,Success,Success,1.0,1.0,0.0,Success,1.0,1.0,0.0,Success,1.0,1.0,0.0,Success,1.0,1.0,0.0,Success,0.3333333333333333,0.3333333333333333,0.4714045207910317,Success,Success,1.0,1.0,0.0,Success,1.0,1.0,0.0,Success,Success,1.0,1.0,0.0,Success,1.0,1.0,0.0,Success,Success,1.0,1.0,0.0,Success,1.0,6.333333333333333,4.714045207910317,Success,Success,1.0,1.0,0.0,Success,1.0,1.0,0.0,Success,1.0,1.0,0.0,Success,1.0,1.0,0.0,Success,1.0,1.0,0.0,Success,0.15789473684210525,0.3157894736842105,0.9206766149755737,Success,0.5263157894736842,1.3157894736842106,1.4886458551295738,Success,0.10526315789473684,0.42105263157894735,1.2275688199674317,Success,Success,1.0,1.0,0.0,Success,0.34615384615384615,0.6923076923076923,1.029160627712281,Success,Success,1.0,1.0,0.0,Success,Success,1.0,1.0,0.0,Success,Success,1.0,1.0,0.0
1,,,0,upm-cs,ppt-1,gemini-2.0-flash-thinking-exp-1219,google,21,151,True,Success,Fail,1.0,1.0,0.0,Success,1.0,1.0,0.0,Success,1.0,1.0,0.0,Success,1.0,1.0,0.0,Success,1.0,1.0,0.0,Success,1.0,1.0,0.0,Success,1.0,1.0,0.0,Success,1.0,1.0,0.0,Success,1.0,1.0,0.0,Success,1.0,1.0,0.0,Success,1.0,1.0,0.0,Fail,1.0,1.0,0.0,Success,1.0,3.0,0.0,Success,1.0,8.0,0.0,Success,1.0,4.0,0.0,Success,1.0,4.0,0.0,Success,1.0,1.0,0.0,Success,1.0,1.0,0.0,Success,1.0,8.0,0.0,Success,1.0,3.0,0.0,Success,Success,Success,Success,Success,Success,Success,1.0,1.0,0.0,Success,1.0,1.0,0.0,Success,1.0,1.0,0.0,Success,Success,1.0,1.0,0.0,Success,1.0,1.0,0.0,Success,1.0,1.0,0.0,Success,Success,1.0,1.0,0.0,Success,Success,1.0,1.0,0.0,Success,1.0,1.0,0.0,Success,0.3333333333333333,0.3333333333333333,0.4714045207910317,Success,1.0,1.0,0.0,Success,1.0,1.0,0.0,Success,Success,1.0,1.0,0.0,Success,1.0,1.0,0.0,Success,Success,1.0,1.0,0.0,Success,1.0,1.0,0.0,Success,Success,1.0,1.0,0.0,Success,1.0,6.333333333333333,4.714045207910317,Success,Success,1.0,1.0,0.0,Success,1.0,1.0,0.0,Success,1.0,1.0,0.0,Success,1.0,1.0,0.0,Success,1.0,1.0,0.0,Success,0.15789473684210525,0.3157894736842105,0.9206766149755737,Success,0.5263157894736842,1.3157894736842106,1.4886458551295738,Success,0.10526315789473684,0.42105263157894735,1.2275688199674317,Success,Success,1.0,1.0,0.0,Success,0.3076923076923077,0.6923076923076923,1.065877420042386,Success,Success,1.0,1.0,0.0,Success,Success,1.0,1.0,0.0,Success,Success,1.0,1.0,0.0
2,,,0,upm-cs,ppt-1,gemini-2.0-flash-thinking-exp-1219,google,22,110,True,Success,Success,1.0,1.0,0.0,Success,1.0,1.0,0.0,Success,1.0,1.0,0.0,Success,1.0,1.0,0.0,Success,1.0,1.0,0.0,Success,1.0,1.0,0.0,Success,1.0,1.0,0.0,Success,1.0,1.0,0.0,Success,1.0,1.0,0.0,Success,1.0,1.0,0.0,Success,1.0,1.0,0.0,Success,1.0,1.0,0.0,Success,1.0,3.0,0.0,Success,1.0,8.0,0.0,Success,1.0,4.0,0.0,Success,1.0,4.0,0.0,Success,1.0,1.0,0.0,Success,1.0,1.0,0.0,Success,1.0,26.0,0.0,Success,1.0,3.0,0.0,Success,Success,Success,Success,Success,Success,Success,1.0,1.0,0.0,Success,1.0,1.0,0.0,Success,1.0,1.0,0.0,Success,Success,1.0,1.0,0.0,Success,1.0,1.0,0.0,Success,1.0,1.0,0.0,Success,Success,1.0,1.0,0.0,Success,Success,1.0,1.0,0.0,Success,1.0,1.0,0.0,Success,1.0,1.0,0.0,Success,1.0,1.0,0.0,Success,1.0,1.0,0.0,Success,Success,1.0,1.0,0.0,Success,1.0,1.0,0.0,Success,Success,1.0,1.0,0.0,Success,1.0,1.0,0.0,Success,Success,1.0,1.0,0.0,Success,1.0,6.333333333333333,4.714045207910317,Success,Success,1.0,1.0,0.0,Success,1.0,1.0,0.0,Success,1.0,1.0,0.0,Success,1.0,1.0,0.0,Success,1.0,1.0,0.0,Success,0.42105263157894735,0.7894736842105263,1.2388002416778756,Success,0.5263157894736842,1.3157894736842106,1.4886458551295738,Success,0.6842105263157895,1.736842105263158,2.4244826960591626,Success,Success,1.0,1.0,0.0,Success,0.3076923076923077,0.6923076923076923,1.065877420042386,Success,Success,1.0,1.0,0.0,Success,Success,1.0,1.0,0.0,Success,Success,1.0,1.0,0.0
3,,,0,upm-cs,ppt-1,gemini-2.0-flash-thinking-exp-1219,google,23,74,False,,,,,,,,,,,,,,,,,,,,,,,,,,,,,,,,,,,,,,,,,,,,,,,,,,,,,,,,,,,,,,,,,,,,,,,,,,,,,,,,,,,,,,,,,,,,,,,,,,,,,,,,,,,,,,,,,,,,,,,,,,,,,,,,,,,,,,,,,,,,,,,,,,,,,,,,,,,,,,,,,,,,,,,,,,,,,,,,,,,,,,,,,,,,,,,,,,,,,,,,,,,,,,,,,,,,,,,,,,,,,,
4,,,0,upm-cs,ppt-1,gemini-2.0-flash-thinking-exp-1219,google,24,83,True,Success,Success,1.0,1.0,0.0,Success,1.0,1.0,0.0,Success,1.0,1.0,0.0,Success,1.0,1.0,0.0,Success,1.0,1.0,0.0,Success,1.0,1.0,0.0,Success,1.0,1.0,0.0,Success,1.0,1.0,0.0,Success,1.0,1.0,0.0,Success,1.0,1.0,0.0,Success,1.0,1.0,0.0,Success,1.0,1.0,0.0,Success,1.0,3.0,0.0,Success,1.0,8.0,0.0,Success,1.0,4.0,0.0,Success,1.0,4.0,0.0,Success,1.0,1.0,0.0,Success,1.0,1.0,0.0,Success,1.0,8.0,0.0,Success,1.0,3.0,0.0,Success,Success,Success,Success,Success,Success,Success,1.0,1.0,0.0,Success,1.0,1.0,0.0,Success,1.0,1.0,0.0,Success,Success,1.0,1.0,0.0,Success,1.0,1.0,0.0,Success,1.0,1.0,0.0,Success,Success,1.0,1.0,0.0,Success,Success,1.0,1.0,0.0,Success,1.0,1.0,0.0,Success,0.3333333333333333,0.3333333333333333,0.4714045207910317,Success,1.0,1.0,0.0,Success,1.0,1.0,0.0,Success,Success,1.0,1.0,0.0,Success,1.0,1.0,0.0,Success,Success,1.0,1.0,0.0,Success,1.0,1.0,0.0,Success,Success,1.0,1.0,0.0,Success,1.0,6.333333333333333,4.714045207910317,Success,Success,1.0,1.0,0.0,Success,1.0,1.0,0.0,Success,1.0,1.0,0.0,Success,1.0,1.0,0.0,Success,1.0,1.0,0.0,Success,0.3157894736842105,0.631578947368421,1.1337189067651587,Success,0.5263157894736842,1.3157894736842106,1.4886458551295738,Success,1.0,4.421052631578948,3.2169909031444472,Success,Success,1.0,1.0,0.0,Success,0.6923076923076923,0.6923076923076923,0.46153846153846156,Success,Success,1.0,1.0,0.0,Success,Success,1.0,1.0,0.0,Success,Success,1.0,1.0,0.0
5,,,0,upm-cs,ppt-1,gemini-2.0-flash-thinking-exp-1219,google,25,73,True,Success,Success,1.0,1.0,0.0,Fail,0.0,0.0,0.0,Success,1.0,1.0,0.0,Success,1.0,1.0,0.0,Success,1.0,1.0,0.0,Success,1.0,1.0,0.0,Success,1.0,1.0,0.0,Success,1.0,1.0,0.0,Success,1.0,1.0,0.0,Success,1.0,1.0,0.0,Success,1.0,1.0,0.0,Success,1.0,1.0,0.0,Success,1.0,3.0,0.0,Success,1.0,8.0,0.0,Success,1.0,4.0,0.0,Success,1.0,4.0,0.0,Success,1.0,1.0,0.0,Success,1.0,1.0,0.0,Success,1.0,8.0,0.0,Success,1.0,3.0,0.0,Success,Success,Success,Success,Success,Success,Success,1.0,1.0,0.0,Success,1.0,1.0,0.0,Success,1.0,1.0,0.0,Success,Success,1.0,1.0,0.0,Success,1.0,1.0,0.0,Success,1.0,1.0,0.0,Success,Success,1.0,1.0,0.0,Success,Success,1.0,1.0,0.0,Success,1.0,1.0,0.0,Success,1.0,1.0,0.0,Success,1.0,1.0,0.0,Success,1.0,1.0,0.0,Success,Success,1.0,1.0,0.0,Success,1.0,1.0,0.0,Success,Success,1.0,1.0,0.0,Success,1.0,1.0,0.0,Success,Success,1.0,1.0,0.0,Success,1.0,6.333333333333333,4.714045207910317,Success,Success,1.0,1.0,0.0,Success,1.0,1.0,0.0,Success,1.0,1.0,0.0,Success,1.0,1.0,0.0,Success,1.0,1.0,0.0,Success,0.8421052631578947,2.1052631578947367,1.252144974038981,Success,0.5263157894736842,1.3157894736842106,1.4886458551295738,Success,0.10526315789473684,0.42105263157894735,1.2275688199674317,Success,Success,1.0,1.0,0.0,Success,0.3076923076923077,0.6923076923076923,1.065877420042386,Success,Success,1.0,1.0,0.0,Success,Success,1.0,1.0,0.0,Success,Success,1.0,1.0,0.0
6,,,0,upm-cs,ppt-1,gemini-2.0-flash-thinking-exp-1219,google,26,70,False,,,,,,,,,,,,,,,,,,,,,,,,,,,,,,,,,,,,,,,,,,,,,,,,,,,,,,,,,,,,,,,,,,,,,,,,,,,,,,,,,,,,,,,,,,,,,,,,,,,,,,,,,,,,,,,,,,,,,,,,,,,,,,,,,,,,,,,,,,,,,,,,,,,,,,,,,,,,,,,,,,,,,,,,,,,,,,,,,,,,,,,,,,,,,,,,,,,,,,,,,,,,,,,,,,,,,,,,,,,,,,
7,,,0,upm-cs,ppt-1,gemini-2.0-flash-thinking-exp-1219,google,27,61,False,,,,,,,,,,,,,,,,,,,,,,,,,,,,,,,,,,,,,,,,,,,,,,,,,,,,,,,,,,,,,,,,,,,,,,,,,,,,,,,,,,,,,,,,,,,,,,,,,,,,,,,,,,,,,,,,,,,,,,,,,,,,,,,,,,,,,,,,,,,,,,,,,,,,,,,,,,,,,,,,,,,,,,,,,,,,,,,,,,,,,,,,,,,,,,,,,,,,,,,,,,,,,,,,,,,,,,,,,,,,,,
8,,,0,upm-cs,ppt-1,gemini-2.0-flash-thinking-exp-1219,google,28,67,False,,,,,,,,,,,,,,,,,,,,,,,,,,,,,,,,,,,,,,,,,,,,,,,,,,,,,,,,,,,,,,,,,,,,,,,,,,,,,,,,,,,,,,,,,,,,,,,,,,,,,,,,,,,,,,,,,,,,,,,,,,,,,,,,,,,,,,,,,,,,,,,,,,,,,,,,,,,,,,,,,,,,,,,,,,,,,,,,,,,,,,,,,,,,,,,,,,,,,,,,,,,,,,,,,,,,,,,,,,,,,,
9,,,0,upm-cs,ppt-1,gemini-2.0-flash-thinking-exp-1219,google,29,59,True,Success,Success,1.0,1.0,0.0,Success,0.0,0.0,0.0,Success,1.0,1.0,0.0,Success,1.0,1.0,0.0,Success,1.0,1.0,0.0,Success,1.0,1.0,0.0,Success,1.0,1.0,0.0,Success,1.0,1.0,0.0,Success,1.0,1.0,0.0,Fail,0.0,0.0,0.0,Success,1.0,1.0,0.0,Success,1.0,1.0,0.0,Success,1.0,3.0,0.0,Success,1.0,8.0,0.0,Success,1.0,4.0,0.0,Success,1.0,4.0,0.0,Success,1.0,1.0,0.0,Success,1.0,1.0,0.0,Success,1.0,8.0,0.0,Success,1.0,3.0,0.0,Success,Success,Success,Success,Success,Success,Success,1.0,1.0,0.0,Success,1.0,1.0,0.0,Success,1.0,1.0,0.0,Success,Success,1.0,1.0,0.0,Success,1.0,1.0,0.0,Fail,0.0,0.0,0.0,Success,Success,0.0,0.0,0.0,Success,Success,1.0,1.0,0.0,Success,1.0,1.0,0.0,Success,0.3333333333333333,0.3333333333333333,0.4714045207910317,Success,1.0,1.0,0.0,Success,1.0,1.0,0.0,Success,Success,1.0,1.0,0.0,Success,1.0,1.0,0.0,Success,Success,1.0,1.0,0.0,Success,1.0,1.0,0.0,Success,Success,1.0,1.0,0.0,Success,1.0,6.333333333333333,4.714045207910317,Success,Success,1.0,1.0,0.0,Success,1.0,1.0,0.0,Success,1.0,1.0,0.0,Success,1.0,1.0,0.0,Success,1.0,1.0,0.0,Success,0.3157894736842105,0.6842105263157895,1.2587642887475157,Success,0.5263157894736842,1.3157894736842106,1.4886458551295738,Success,0.10526315789473684,0.42105263157894735,1.2275688199674317,Success,Success,1.0,1.0,0.0,Success,0.3076923076923077,0.6923076923076923,1.065877420042386,Success,Success,1.0,1.0,0.0,Success,Success,1.0,1.0,0.0,Success,Success,1.0,1.0,0.0
